,value,col
0,0.43956427623769295,delivery_method
1,1340853730.8334737,event_published
2,7.974436195545609,org_facebook
3,4.306975766914135,org_twitter
4,46.86969397828251,sale_duration
5,0.20206093189966007,has_header
6,0.0,venue_longitude
7,0.0,venue_latitude
8,0.0,amount
9,0.0,quantity_total
10,0.0,cost
